book_id,title,author
9738,Owner Off Traditional Power.,Kayla Moreno
1599,Only Red Sing Hour Who.,Daniel Allen
2914,Development Claim Wear Real Family.,Mr. Andrew White
4301,My Skin Identify Join Could.,Christine Smith
9835,Model Least Thought Every.,Lawrence Mendez
5593,Tend Size Dream Large Trial Development.,Erica Shea
2531,Traditional Produce Up Activity Sea Employee Training.,Alexis Rivas
3783,Right Yeah Sing Avoid Opportunity Low.,Brittany Jackson
272,Camera Party Along Nor Race Reduce.,Mary Gonzalez
5194,Pick Peace Child Century Wrong Difference.,Michael Meadows
4336,Agreement Send Tonight Situation Card.,Roger Sanchez
8462,Pay Worry Out Compare Left.,Donald Nelson
4876,Necessary Agency Western Culture.,Brandon White
125,Police Enter Director.,John Rogers
4652,Energy Risk Eight.,Jerry Mathis
1128,Read Truth Generation The Book.,Matthew Garcia
5673,Age Necessary Language Full.,Gabriella Powell
8633,Hold Recently Financial.,John Henry
8667,Pay Of Read.,Christopher Berry
5858,Position Check Various.,Jeffrey Adams
3906,For Response Most Site.,Curtis Bradford
5722,Why Notice Pm.,John Berger
2671,Then Father Poor Wide Research This.,Brenda Jordan
3076,Model Successful Various Animal Whether.,Stacey Smith
9761,Stand Body Democrat.,Maria Hoffman
3315,Truth Fund Look Role Recent Catch.,Stephen Wilkinson
1843,Project Respond Suffer Along Summer.,Steven Johnson
5271,Relate Security Front.,Kevin Santos
7264,Pick Sometimes Look Spring Necessary Sport.,Billy Cummings
2997,Baby Wife Church Full Building Business.,Justin Schwartz
9222,Figure Night Consumer Happy Large.,Robert Martinez
8282,Bank Could Year Discuss.,Charlotte Jackson
7665,Realize Them Blue Myself Daughter.,David Whitaker
5998,Tax Usually Rise Remain.,Andrea Johnson
5678,Whole Store Style The.,Joe Montgomery
673,Author Movement Eight Window Respond Machine.,Robin Massey
683,Adult Compare Can School Seven.,Wyatt Hudson
6192,Money Loss This.,Caitlin Wilson
182,Read Then Think Night Debate.,Jennifer Ochoa
7754,Easy Week How Eat Explain Goal.,Bruce Wright
2672,Conference Reality Carry Development.,Shelly Bailey
7016,Picture Common Friend Like Finish.,Leah Tucker
9680,Fall Live Yourself Wear.,Damon Aguilar
9487,Billion Sort Bag.,Travis Oconnell
7657,Congress Recognize Thus Thousand Science.,Elizabeth Trevino
3937,Sport Former Edge Realize.,James Alexander
7592,Staff Ask Choose Take.,Jacob Wiley
2383,Politics Benefit Involve.,Diana Williams
2080,Word Official Draw Road Program Maintain.,Amy Smith
9165,Hit Himself Near Must.,Charlene Martinez
8501,Media Imagine Food Increase Interesting.,Jonathon Campbell
3909,Thank Free Kid Budget Good.,Catherine Clark
4727,Summer Anything Same Or Rate Religious.,Dawn Hall
5601,Push Majority Question Available.,William Richardson
2532,Meet Together System Medical Democratic Others.,Denise Davis
4153,Possible Very Thus Dinner Wife Beyond.,Robert Smith
3089,Chair Somebody Life All.,Cindy Richardson
6564,Center List Tv Ahead Wait Finish.,Rhonda Cooper
8285,Amount Save Several Close Common Hard.,Samantha Clark
6438,Program Spend Hit Magazine Pick Ball.,Ashley Fuller
8153,Away Turn Rock Let.,Elizabeth Chen
1329,Big Live Your.,Tammy Jordan
4037,Myself Goal Wish Fact Away Policy.,Melissa Coleman
411,Explain Successful Population Either.,Jimmy Moore
1870,Dark Certain Likely Community.,Dr. James Davis DVM
6451,Care Especially Data.,Mary Kennedy MD
3468,For Language East.,Jeffrey Wolfe
4078,Forward Professional Rock Scientist Them.,Samantha Eaton
4702,State Serve Building.,Harold Woodard
466,Or Cause Hard Peace.,Kathleen Bailey
1799,Heavy Number Happen Age.,Cassandra Johnson
1678,Thank Buy Executive.,Diana Price
5961,Word Take We Population Pick.,Tracy Caldwell
6758,Less Statement Itself Imagine.,Kim Parrish
294,Watch Window Well.,Joel Stewart
7459,Seek Line Center Day Assume More.,Todd Burnett
1451,Laugh Get True Green Later.,James Pennington
3869,Husband Friend Maintain Development Director View.,Adam Nelson
5467,Several Night Realize History Second Moment.,Debra Graves
2078,Contain Account Worker.,Melanie Martinez
4539,Technology Song Nation Success Particular Election.,Sonia May
9909,Real Ability Forward Organization Win.,Samuel Peterson
2945,Middle But Music.,Sheryl Montes
738,Difficult Fine Scene.,Kelly Li
1131,Affect Laugh Against.,Maria Watkins
3615,Degree Tax Room Only Point.,Rachel Byrd
1024,Very Simple Never.,Emma Norris
2972,Main Approach Party.,Timothy Lynn
5161,Detail Why Ready Mother Party By.,Tracey Gregory
2598,House Study Fund Because.,Jonathan Bautista
9106,Example During Life Prevent Ahead.,Miss Nichole Scott
2,Board First Practice.,Laura White
1910,Tell Indeed Decide Story.,Jenny Wade
1205,Generation Food Year.,Aimee Hunt
9746,Couple Today Whether Likely Many Weight.,Paula Vasquez
2362,Customer Soldier Degree Glass.,Anthony Harmon
7274,Determine Industry Tell.,Steven Bryant
3117,Well Important Rule Really Enter Star.,Melanie Larson
3003,Physical Term Focus Provide.,David Martin
2693,Month Cup Level.,Daniel Horton
