user_id,username,email,password,address
9148,judithhorton,charlenespencer@example.com,!1r6oOfoFs,"969 Eric Streets Suite 385
Bryantmouth, FL 35163"
5149,fallen,jeffersonashley@example.com,^54zMXEp6$,"063 Zamora Springs
West Matthew, VI 32131"
2474,tonyamclean,mariafoster@example.net,rXA8Pl(y%f,"9597 David Stream
North Eric, MS 32461"
2259,rileybass,adavis@example.com,qEpNZtz%+0,"142 Cook Fall Suite 303
West Holly, OR 89993"
4191,matthew64,gcook@example.net,2G%1AUClbl,"9896 Madeline Meadow
West Lindsey, OR 98847"
1732,richardtorres,karensmith@example.com,a49f1TIoP&,"0932 Jessica Dale
West Jenniferborough, NJ 30900"
6259,qjarvis,daniel90@example.org,&j3X2na!E7,"561 Robert Passage Suite 499
Jesseland, AS 22740"
4859,elizabeth12,reevesmark@example.org,8lK8DDotF#,"USS Hernandez
FPO AP 78354"
8046,zcrawford,edwingordon@example.org,P!+Eu7Sq0S,"177 Douglas Trace
West Markmouth, MP 46852"
7118,thahn,thomasgonzalez@example.net,#j9EBJ(%m%,"097 Oconnor Ridges
East Jamietown, OR 67756"
948,franciswalter,glovercarrie@example.org,_44Kplpx!1,"001 Rick Glens Apt. 056
Port Patrickfort, CO 56638"
8652,jessicajefferson,carltaylor@example.net,+54Bbblkov,"77969 Hernandez Station
Wilsonstad, OH 97669"
4233,adavis,melissaholden@example.net,QaUKx5CwK$,"496 Anthony Avenue
South Scott, MP 91125"
7889,kayla33,cchan@example.com,)6XR9n@sDE,"369 Larson Bypass
Ericport, WA 47563"
3350,kristi00,lauren00@example.net,)4FMW4aOy(,"USNS Gonzalez
FPO AP 17876"
5036,mariaroberts,millerrichard@example.com,n(5$WdUmoF,"9679 White Viaduct
New Sherry, CT 64444"
7219,jcox,daryl61@example.org,)Q80dsnz)(,"520 Kane Stream
East Michelle, WI 70690"
1289,simpsonnicole,lisa71@example.com,4Xk5NXyr_2,"632 Dominguez Light
South Courtney, IN 72219"
7303,owright,kristyrobinson@example.com,z#!H65Wino,"847 Yolanda Row Suite 704
Port Stephanie, OH 44773"
5724,jonesjeremy,bferguson@example.org,ES$7HK!z!3,"80961 Lauren Expressway
Meganbury, HI 47348"
1461,jessica27,dhuerta@example.com,s9^2Qhkq!Q,"2411 Carrie Street
Petersonville, NV 66402"
8489,hortonjohn,unolan@example.com,^_TI3KMd$i,"2173 Adrian Station Apt. 878
Whitechester, NE 77259"
857,shawn04,bevans@example.com,%5rJlpxhJj,"213 Wood Islands
West Nicole, WA 37495"
1443,ericpeters,randy78@example.com,C$%4A)DdJ1,"06217 Booker Islands Apt. 483
North Andrewmouth, VA 75650"
3324,santiagonicole,willisamanda@example.com,+0M_3xb8*3,"1997 Doris Flat Apt. 463
Brianmouth, NC 74152"
7794,emily49,ymorris@example.com,bY6WonGrM$,"797 Wilson Island Suite 602
North Feliciaville, WV 28010"
7451,hannah46,paul11@example.org,&r5L)2Tki3,"1002 Anthony Well Suite 873
Mitchellberg, FM 20133"
6900,doylejoseph,thomas59@example.org,9%m%5HVfM9,"9379 Koch Turnpike
Angelahaven, ME 50973"
545,copelandsandra,osbornjoshua@example.net,G1^8LD6oq%,"19616 Patrick Burgs
Teresaport, NC 59720"
867,mwilliams,royperry@example.net,tR3WZjo5(_,"42441 Cynthia Tunnel
Vasquezberg, MH 52012"
3470,matthewhardy,bhowell@example.org,BaFN3JSz&^,"41321 Patrick Crossing
Thomasberg, PR 27395"
1003,johnstonmichael,wendyrodriguez@example.org,&v3fIjhy4x,"552 Kari Port Suite 139
East Maria, WA 01381"
9128,uwatkins,zwatts@example.com,^4rMVbkjZ0,"73445 Brian Park Apt. 625
Phillipsville, NV 34158"
3049,charlottestewart,louisbryant@example.com,7Y^R1U*g#E,"42188 Wagner Cliff Suite 748
Hawkinsshire, GU 57586"
8323,simmonsscott,ellistyler@example.net,Q_3&Wcgf&a,"022 Kent Viaduct Suite 421
East Vincent, MS 09560"
4831,zbean,christopherolson@example.com,Om82QId&G+,"12075 Sara Island Suite 124
Michaelland, MO 38495"
3246,erica35,christopher41@example.org,m111Bg_m%P,"9150 Ashley Summit
Lake Caitlin, AK 02325"
1623,trevormurphy,shawncastro@example.net,yM8E(1o%q@,"04740 Warren Plain Suite 349
North Jacquelinetown, WI 92420"
2272,phillipscrystal,smithconnie@example.com,K^wm6Dios0,"525 Stanley Rest
Port James, MN 53317"
6452,kimbonnie,gbailey@example.org,uUDg+zDi+3,"2042 Joseph Inlet Suite 289
Donaldmouth, OR 88050"
8872,jay74,williamsdavid@example.net,p*7f_DXoNw,"665 Jessica Plaza Suite 731
Lake Bobby, PA 39703"
2399,smithalice,franklin82@example.com,s0CY#zml)o,"74181 Diaz Pass
Lake Judith, CA 15054"
3607,clarkjerome,colontimothy@example.com,_R1@zCv5Lt,"974 Hester Expressway Apt. 943
Padillahaven, CA 70518"
9624,dawnnelson,juanjohnson@example.org,2d4d9RnKg*,"9776 Stanley Island Suite 037
Oliverburgh, MA 75336"
5913,davidmiller,wesleyhouse@example.com,8ST8aR!kk#,"0299 Snyder Ways Apt. 184
West Reneeview, AS 01375"
10,patriciahernandez,rstone@example.com,$9QF^az@^T,"73080 Sims Pines
East Nicholasport, UT 41571"
4316,nbennett,jcabrera@example.net,p*9p)1Prl6,"031 West Parkways
West Karen, AZ 39925"
4160,medinajennifer,sarah66@example.net,*$9YrvBpGO,"711 Shannon Point
Heatherborough, DC 09101"
4990,michael65,elizabeth40@example.net,f3XP2Lyy*y,"59637 Campos Lane
Dylanport, NV 81686"
56,zlewis,cowens@example.net,I7jAe!qY^h,"51285 Kristin Bypass Suite 319
East Tanya, AL 54636"
